ReadGroup,CovariateValue,CovariateName,EventType,Observations,Errors,EmpiricalQuality,AverageReportedQuality,Accuracy,Recalibration
default,AA,Context,Base Substitution,73393357,396415.00,23.00,28.01,-5.01,Before
default,CA,Context,Base Substitution,67594482,395592.00,22.00,26.62,-4.62,Before
default,GA,Context,Base Substitution,57755973,253636.00,24.00,26.20,-2.20,Before
default,TA,Context,Base Substitution,43486471,423896.00,20.00,28.22,-8.22,Before
default,AC,Context,Base Substitution,49974618,363029.00,21.00,29.38,-8.38,Before
default,CC,Context,Base Substitution,41566280,349969.00,21.00,27.95,-6.95,Before
default,GC,Context,Base Substitution,44284196,304740.00,22.00,28.68,-6.68,Before
default,TC,Context,Base Substitution,51479677,382138.00,21.00,28.50,-7.50,Before
default,AG,Context,Base Substitution,58751469,452736.00,21.00,28.96,-7.96,Before
default,CG,Context,Base Substitution,25275024,434957.00,18.00,28.00,-10.00,Before
default,GG,Context,Base Substitution,40779686,362464.00,21.00,28.32,-7.32,Before
default,TG,Context,Base Substitution,66196520,463134.00,22.00,28.53,-6.53,Before
default,AT,Context,Base Substitution,58527139,356024.00,22.00,28.83,-6.83,Before
default,CT,Context,Base Substitution,55323177,292177.00,23.00,28.04,-5.04,Before
default,GT,Context,Base Substitution,47935269,243264.00,23.00,27.97,-4.97,Before
default,TT,Context,Base Substitution,71900743,441036.00,22.00,29.08,-7.08,Before
default,1,Cycle,Base Substitution,13557464,8324.00,32.00,28.36,3.64,Before
default,2,Cycle,Base Substitution,13561436,9588.00,31.00,28.85,2.15,Before
default,3,Cycle,Base Substitution,13540585,111571.00,21.00,28.99,-7.99,Before
default,4,Cycle,Base Substitution,13488219,98048.00,21.00,29.00,-8.00,Before
default,5,Cycle,Base Substitution,13442281,97789.00,21.00,29.11,-8.11,Before
default,6,Cycle,Base Substitution,13386074,92905.00,22.00,29.21,-7.21,Before
default,7,Cycle,Base Substitution,13333803,92443.00,22.00,29.52,-7.52,Before
default,8,Cycle,Base Substitution,13279201,91054.00,22.00,29.09,-7.09,Before
default,9,Cycle,Base Substitution,13231505,90827.00,22.00,29.17,-7.17,Before
default,10,Cycle,Base Substitution,13181227,85469.00,22.00,28.84,-6.84,Before
default,11,Cycle,Base Substitution,13128550,83073.00,22.00,29.29,-7.29,Before
default,12,Cycle,Base Substitution,13068502,83555.00,22.00,29.33,-7.33,Before
default,13,Cycle,Base Substitution,13012351,81229.00,22.00,29.25,-7.25,Before
default,14,Cycle,Base Substitution,12957263,81426.00,22.00,29.19,-7.19,Before
default,15,Cycle,Base Substitution,12900289,81348.00,22.00,29.22,-7.22,Before
default,16,Cycle,Base Substitution,12843939,80276.00,22.00,29.22,-7.22,Before
default,17,Cycle,Base Substitution,12787144,79881.00,22.00,29.18,-7.18,Before
default,18,Cycle,Base Substitution,12728699,80784.00,22.00,29.19,-7.19,Before
default,19,Cycle,Base Substitution,12671140,79007.00,22.00,29.20,-7.20,Before
default,20,Cycle,Base Substitution,12612969,79237.00,22.00,29.18,-7.18,Before
default,21,Cycle,Base Substitution,12554585,80631.00,22.00,29.11,-7.11,Before
default,22,Cycle,Base Substitution,12496207,78450.00,22.00,29.06,-7.06,Before
default,23,Cycle,Base Substitution,12438591,78866.00,22.00,29.04,-7.04,Before
default,24,Cycle,Base Substitution,12378903,80113.00,22.00,28.96,-6.96,Before
default,25,Cycle,Base Substitution,12321152,79436.00,22.00,28.91,-6.91,Before
default,26,Cycle,Base Substitution,12262070,81299.00,22.00,28.80,-6.80,Before
default,27,Cycle,Base Substitution,12202848,82237.00,22.00,28.77,-6.77,Before
default,28,Cycle,Base Substitution,12144735,80600.00,22.00,28.71,-6.71,Before
default,29,Cycle,Base Substitution,12086910,79921.00,22.00,28.68,-6.68,Before
default,30,Cycle,Base Substitution,12028113,81564.00,22.00,28.60,-6.60,Before
default,31,Cycle,Base Substitution,11969098,81059.00,22.00,28.55,-6.55,Before
default,32,Cycle,Base Substitution,11911383,80909.00,22.00,28.48,-6.48,Before
default,33,Cycle,Base Substitution,11852262,80896.00,22.00,28.45,-6.45,Before
default,34,Cycle,Base Substitution,11793949,80412.00,22.00,28.36,-6.36,Before
default,35,Cycle,Base Substitution,11735514,80859.00,22.00,28.31,-6.31,Before
default,36,Cycle,Base Substitution,11676454,81213.00,22.00,28.30,-6.30,Before
default,37,Cycle,Base Substitution,11618279,80919.00,22.00,28.23,-6.23,Before
default,38,Cycle,Base Substitution,11559493,80633.00,22.00,28.17,-6.17,Before
default,39,Cycle,Base Substitution,11500154,81324.00,22.00,28.12,-6.12,Before
default,40,Cycle,Base Substitution,11441302,80972.00,22.00,28.08,-6.08,Before
default,41,Cycle,Base Substitution,11382836,80161.00,22.00,28.04,-6.04,Before
default,42,Cycle,Base Substitution,11323506,81454.00,21.00,28.00,-7.00,Before
default,43,Cycle,Base Substitution,11264874,81126.00,21.00,27.92,-6.92,Before
default,44,Cycle,Base Substitution,11205919,80545.00,21.00,27.89,-6.89,Before
default,45,Cycle,Base Substitution,11147032,80928.00,21.00,27.84,-6.84,Before
default,46,Cycle,Base Substitution,11089442,81419.00,21.00,27.80,-6.80,Before
default,47,Cycle,Base Substitution,11031566,81165.00,21.00,27.77,-6.77,Before
default,48,Cycle,Base Substitution,10972265,81682.00,21.00,27.69,-6.69,Before
default,49,Cycle,Base Substitution,10913934,81655.00,21.00,27.64,-6.64,Before
default,50,Cycle,Base Substitution,10854364,82065.00,21.00,27.60,-6.60,Before
default,51,Cycle,Base Substitution,10793179,83307.00,21.00,27.54,-6.54,Before
default,52,Cycle,Base Substitution,10731740,83486.00,21.00,27.47,-6.47,Before
default,53,Cycle,Base Substitution,10669314,83367.00,21.00,27.47,-6.47,Before
default,54,Cycle,Base Substitution,10606467,84307.00,21.00,27.41,-6.41,Before
default,55,Cycle,Base Substitution,10542548,84503.00,21.00,27.33,-6.33,Before
default,56,Cycle,Base Substitution,10477373,84310.00,21.00,27.32,-6.32,Before
default,57,Cycle,Base Substitution,10412153,84386.00,21.00,27.28,-6.28,Before
default,58,Cycle,Base Substitution,10346023,84483.00,21.00,27.25,-6.25,Before
default,59,Cycle,Base Substitution,10280291,83558.00,21.00,27.23,-6.23,Before
default,60,Cycle,Base Substitution,10212449,84056.00,21.00,27.16,-6.16,Before
default,61,Cycle,Base Substitution,10144412,83661.00,21.00,27.11,-6.11,Before
default,62,Cycle,Base Substitution,10076730,83198.00,21.00,27.08,-6.08,Before
default,63,Cycle,Base Substitution,10005899,84081.00,21.00,27.01,-6.01,Before
default,64,Cycle,Base Substitution,9932206,83417.00,21.00,26.99,-5.99,Before
default,65,Cycle,Base Substitution,9862328,82555.00,21.00,26.97,-5.97,Before
default,66,Cycle,Base Substitution,9788930,81805.00,21.00,26.91,-5.91,Before
default,67,Cycle,Base Substitution,9716513,82396.00,21.00,26.91,-5.91,Before
default,68,Cycle,Base Substitution,9642479,82065.00,21.00,26.89,-5.89,Before
default,69,Cycle,Base Substitution,9566205,80213.00,21.00,26.84,-5.84,Before
default,70,Cycle,Base Substitution,9484720,78558.00,21.00,26.84,-5.84,Before
default,71,Cycle,Base Substitution,9395799,75468.00,21.00,26.83,-5.83,Before
default,72,Cycle,Base Substitution,9288442,71265.00,21.00,26.78,-5.78,Before
default,73,Cycle,Base Substitution,9130624,59984.00,22.00,26.79,-4.79,Before
default,74,Cycle,Base Substitution,8809355,42797.00,23.00,26.81,-3.81,Before
default,75,Cycle,Base Substitution,8041792,0.00,44.00,26.87,17.13,Before
default,76,Cycle,Base Substitution,5958858,0.00,43.00,25.36,17.64,Before
default,14,QualityScore,Base Substitution,25974794,990506.00,14.00,14.00,0.00,Before
default,21,QualityScore,Base Substitution,6708657,108312.00,18.00,21.00,-3.00,Before
default,27,QualityScore,Base Substitution,4094923,31299.00,21.00,27.00,-6.00,Before
default,32,QualityScore,Base Substitution,95774301,465265.00,23.00,32.00,-9.00,Before
default,36,QualityScore,Base Substitution,735234535,4328191.00,22.00,36.00,-14.00,Before
default,AA,Context,Base Substitution,73393357,396415.00,23.00,22.87,0.13,After
default,CA,Context,Base Substitution,67594482,395592.00,22.00,22.81,-0.81,After
default,GA,Context,Base Substitution,57755973,253636.00,24.00,23.68,0.32,After
default,TA,Context,Base Substitution,43486471,423896.00,20.00,19.71,0.29,After
default,AC,Context,Base Substitution,49974618,363029.00,21.00,21.30,-0.30,After
default,CC,Context,Base Substitution,41566280,349969.00,21.00,20.84,0.16,After
default,GC,Context,Base Substitution,44284196,304740.00,22.00,21.54,0.46,After
default,TC,Context,Base Substitution,51479677,382138.00,21.00,21.46,-0.46,After
default,AG,Context,Base Substitution,58751469,452736.00,21.00,20.83,0.17,After
default,CG,Context,Base Substitution,25275024,434957.00,18.00,17.68,0.32,After
default,GG,Context,Base Substitution,40779686,362464.00,21.00,20.67,0.33,After
default,TG,Context,Base Substitution,66196520,463134.00,22.00,21.89,0.11,After
default,AT,Context,Base Substitution,58527139,356024.00,22.00,22.46,-0.46,After
default,CT,Context,Base Substitution,55323177,292177.00,23.00,22.72,0.28,After
default,GT,Context,Base Substitution,47935269,243264.00,23.00,22.89,0.11,After
default,TT,Context,Base Substitution,71900743,441036.00,22.00,22.54,-0.54,After
default,1,Cycle,Base Substitution,13557464,8324.00,32.00,28.48,3.52,After
default,2,Cycle,Base Substitution,13561436,9588.00,31.00,28.51,2.49,After
default,3,Cycle,Base Substitution,13540585,111571.00,21.00,21.28,-0.28,After
default,4,Cycle,Base Substitution,13488219,98048.00,21.00,21.37,-0.37,After
default,5,Cycle,Base Substitution,13442281,97789.00,21.00,21.45,-0.45,After
default,6,Cycle,Base Substitution,13386074,92905.00,22.00,21.92,0.08,After
default,7,Cycle,Base Substitution,13333803,92443.00,22.00,21.81,0.19,After
default,8,Cycle,Base Substitution,13279201,91054.00,22.00,21.79,0.21,After
default,9,Cycle,Base Substitution,13231505,90827.00,22.00,21.76,0.24,After
default,10,Cycle,Base Substitution,13181227,85469.00,22.00,21.94,0.06,After
default,11,Cycle,Base Substitution,13128550,83073.00,22.00,21.90,0.10,After
default,12,Cycle,Base Substitution,13068502,83555.00,22.00,21.82,0.18,After
default,13,Cycle,Base Substitution,13012351,81229.00,22.00,21.92,0.08,After
default,14,Cycle,Base Substitution,12957263,81426.00,22.00,21.93,0.07,After
default,15,Cycle,Base Substitution,12900289,81348.00,22.00,21.91,0.09,After
default,16,Cycle,Base Substitution,12843939,80276.00,22.00,21.91,0.09,After
default,17,Cycle,Base Substitution,12787144,79881.00,22.00,21.91,0.09,After
default,18,Cycle,Base Substitution,12728699,80784.00,22.00,21.91,0.09,After
default,19,Cycle,Base Substitution,12671140,79007.00,22.00,21.90,0.10,After
default,20,Cycle,Base Substitution,12612969,79237.00,22.00,21.91,0.09,After
default,21,Cycle,Base Substitution,12554585,80631.00,22.00,21.82,0.18,After
default,22,Cycle,Base Substitution,12496207,78450.00,22.00,21.82,0.18,After
default,23,Cycle,Base Substitution,12438591,78866.00,22.00,21.89,0.11,After
default,24,Cycle,Base Substitution,12378903,80113.00,22.00,21.79,0.21,After
default,25,Cycle,Base Substitution,12321152,79436.00,22.00,21.79,0.21,After
default,26,Cycle,Base Substitution,12262070,81299.00,22.00,21.67,0.33,After
default,27,Cycle,Base Substitution,12202848,82237.00,22.00,21.66,0.34,After
default,28,Cycle,Base Substitution,12144735,80600.00,22.00,21.65,0.35,After
default,29,Cycle,Base Substitution,12086910,79921.00,22.00,21.65,0.35,After
default,30,Cycle,Base Substitution,12028113,81564.00,22.00,21.63,0.37,After
default,31,Cycle,Base Substitution,11969098,81059.00,22.00,21.63,0.37,After
default,32,Cycle,Base Substitution,11911383,80909.00,22.00,21.63,0.37,After
default,33,Cycle,Base Substitution,11852262,80896.00,22.00,21.61,0.39,After
default,34,Cycle,Base Substitution,11793949,80412.00,22.00,21.60,0.40,After
default,35,Cycle,Base Substitution,11735514,80859.00,22.00,21.59,0.41,After
default,36,Cycle,Base Substitution,11676454,81213.00,22.00,21.58,0.42,After
default,37,Cycle,Base Substitution,11618279,80919.00,22.00,21.57,0.43,After
default,38,Cycle,Base Substitution,11559493,80633.00,22.00,21.57,0.43,After
default,39,Cycle,Base Substitution,11500154,81324.00,22.00,21.56,0.44,After
default,40,Cycle,Base Substitution,11441302,80972.00,22.00,21.55,0.45,After
default,41,Cycle,Base Substitution,11382836,80161.00,22.00,21.55,0.45,After
default,42,Cycle,Base Substitution,11323506,81454.00,21.00,21.54,-0.54,After
default,43,Cycle,Base Substitution,11264874,81126.00,21.00,21.53,-0.53,After
default,44,Cycle,Base Substitution,11205919,80545.00,21.00,21.53,-0.53,After
default,45,Cycle,Base Substitution,11147032,80928.00,21.00,21.52,-0.52,After
default,46,Cycle,Base Substitution,11089442,81419.00,21.00,21.50,-0.50,After
default,47,Cycle,Base Substitution,11031566,81165.00,21.00,21.50,-0.50,After
default,48,Cycle,Base Substitution,10972265,81682.00,21.00,21.47,-0.47,After
default,49,Cycle,Base Substitution,10913934,81655.00,21.00,21.46,-0.46,After
default,50,Cycle,Base Substitution,10854364,82065.00,21.00,21.45,-0.45,After
default,51,Cycle,Base Substitution,10793179,83307.00,21.00,21.25,-0.25,After
default,52,Cycle,Base Substitution,10731740,83486.00,21.00,21.24,-0.24,After
default,53,Cycle,Base Substitution,10669314,83367.00,21.00,21.24,-0.24,After
default,54,Cycle,Base Substitution,10606467,84307.00,21.00,21.18,-0.18,After
default,55,Cycle,Base Substitution,10542548,84503.00,21.00,21.15,-0.15,After
default,56,Cycle,Base Substitution,10477373,84310.00,21.00,21.20,-0.20,After
default,57,Cycle,Base Substitution,10412153,84386.00,21.00,21.14,-0.14,After
default,58,Cycle,Base Substitution,10346023,84483.00,21.00,21.14,-0.14,After
default,59,Cycle,Base Substitution,10280291,83558.00,21.00,21.12,-0.12,After
default,60,Cycle,Base Substitution,10212449,84056.00,21.00,21.15,-0.15,After
default,61,Cycle,Base Substitution,10144412,83661.00,21.00,21.09,-0.09,After
default,62,Cycle,Base Substitution,10076730,83198.00,21.00,21.14,-0.14,After
default,63,Cycle,Base Substitution,10005899,84081.00,21.00,21.13,-0.13,After
default,64,Cycle,Base Substitution,9932206,83417.00,21.00,21.07,-0.07,After
default,65,Cycle,Base Substitution,9862328,82555.00,21.00,21.10,-0.10,After
default,66,Cycle,Base Substitution,9788930,81805.00,21.00,21.06,-0.06,After
default,67,Cycle,Base Substitution,9716513,82396.00,21.00,21.04,-0.04,After
default,68,Cycle,Base Substitution,9642479,82065.00,21.00,21.03,-0.03,After
default,69,Cycle,Base Substitution,9566205,80213.00,21.00,21.06,-0.06,After
default,70,Cycle,Base Substitution,9484720,78558.00,21.00,21.10,-0.10,After
default,71,Cycle,Base Substitution,9395799,75468.00,21.00,21.11,-0.11,After
default,72,Cycle,Base Substitution,9288442,71265.00,21.00,21.36,-0.36,After
default,73,Cycle,Base Substitution,9130624,59984.00,22.00,22.14,-0.14,After
default,74,Cycle,Base Substitution,8809355,42797.00,23.00,23.43,-0.43,After
default,75,Cycle,Base Substitution,8041792,0.00,47.00,37.77,9.23,After
default,76,Cycle,Base Substitution,5958858,0.00,46.00,37.08,8.92,After
default,9,QualityScore,Base Substitution,508460,50717.00,10.00,9.00,1.00,After
default,10,QualityScore,Base Substitution,1134796,112098.00,10.00,10.00,0.00,After
default,11,QualityScore,Base Substitution,1293941,105556.00,11.00,11.00,0.00,After
default,12,QualityScore,Base Substitution,1230566,75463.00,12.00,12.00,0.00,After
default,13,QualityScore,Base Substitution,2219591,111256.00,13.00,13.00,0.00,After
default,14,QualityScore,Base Substitution,4514928,179434.00,14.00,14.00,0.00,After
default,15,QualityScore,Base Substitution,5454464,180406.00,15.00,15.00,0.00,After
default,16,QualityScore,Base Substitution,4802066,127858.00,16.00,16.00,0.00,After
default,17,QualityScore,Base Substitution,3839801,79732.00,17.00,17.00,0.00,After
default,18,QualityScore,Base Substitution,25031854,400803.00,18.00,18.00,0.00,After
default,19,QualityScore,Base Substitution,2899575,34330.00,19.00,19.00,0.00,After
default,20,QualityScore,Base Substitution,8053504,66842.00,21.00,20.00,1.00,After
default,21,QualityScore,Base Substitution,145694420,1100116.00,21.00,21.00,0.00,After
default,22,QualityScore,Base Substitution,188470098,1249012.00,22.00,22.00,0.00,After
default,23,QualityScore,Base Substitution,255461608,1334161.00,23.00,23.00,0.00,After
default,24,QualityScore,Base Substitution,124885378,542466.00,24.00,24.00,0.00,After
default,25,QualityScore,Base Substitution,50004141,164830.00,25.00,25.00,0.00,After
default,26,QualityScore,Base Substitution,2371644,6908.00,25.00,26.00,-1.00,After
default,27,QualityScore,Base Substitution,763623,1582.00,27.00,27.00,0.00,After
default,28,QualityScore,Base Substitution,263144,0.00,34.00,28.00,6.00,After
default,29,QualityScore,Base Substitution,89997,0.00,32.00,29.00,3.00,After
default,30,QualityScore,Base Substitution,175081,0.00,34.00,30.00,4.00,After
default,31,QualityScore,Base Substitution,173544,0.00,34.00,31.00,3.00,After
default,32,QualityScore,Base Substitution,443437,0.00,37.00,32.00,5.00,After
default,33,QualityScore,Base Substitution,597548,0.00,38.00,33.00,5.00,After
default,34,QualityScore,Base Substitution,305781,0.00,37.00,34.00,3.00,After
default,35,QualityScore,Base Substitution,446041,0.00,39.00,35.00,4.00,After
default,36,QualityScore,Base Substitution,146827,0.00,37.00,36.00,1.00,After
default,37,QualityScore,Base Substitution,481016,0.00,40.00,37.00,3.00,After
default,38,QualityScore,Base Substitution,575997,0.00,41.00,38.00,3.00,After
default,40,QualityScore,Base Substitution,3424955,0.00,46.00,40.00,6.00,After
default,41,QualityScore,Base Substitution,5813858,1.00,47.00,41.00,6.00,After
default,42,QualityScore,Base Substitution,17893280,0.00,51.00,42.00,9.00,After
default,43,QualityScore,Base Substitution,6557776,1.00,48.00,43.00,5.00,After
default,44,QualityScore,Base Substitution,1764470,1.00,46.00,44.00,2.00,After
